archivo,real,predicho,confianza,n_detecciones,ms
ants-112-_jpg.rf.b8d6b9acf9fa1edfb438381cbae99199.jpg,Ants,Ants,0.49660128355026245,1,8913.763900000049
ants-122-_jpg.rf.4819e9d7a1531a8b3a430c66b0c4c4bf.jpg,Ants,Ants,0.6936284899711609,1,366.8812999999318
ants-138-_jpg.rf.1910f63385ebe674083ac928462bdc44.jpg,Ants,Ants,0.7400379180908203,3,311.12990000019636
ants-158-_jpg.rf.db2791fad8263642d665fa961aaa4306.jpg,Ants,Ants,0.7389811277389526,1,297.29749999978594
ants-160-_jpg.rf.eee40e36b6088d6c3d9e40ad7534fb93.jpg,Ants,Ants,0.6918314099311829,1,240.33129999997982
ants-166-_jpg.rf.faf370e39e1e9186b4fded0d8fa531b5.jpg,Ants,Beetles,0.4147578179836273,1,221.16120000009687
ants-17-_jpg.rf.366ce3d542821626b2926e3142d1bb64.jpg,Ants,Beetles,0.4474955201148987,2,194.4481000000451
ants-170-_jpg.rf.e8039d89a7213b388d59fb9da549a50a.jpg,Ants,Ants,0.6936235427856445,1,183.65799999992305
ants-172-_jpg.rf.8a26c7ddfdb9b50e280548821fcd3d3f.jpg,Ants,Ants,0.7184014916419983,2,188.44699999999648
ants-180-_jpg.rf.801a32715b73a022aaf33020b8e69ae7.jpg,Ants,Ants,0.7375429272651672,2,191.1739000001944
ants-188-_jpg.rf.6dfe734b89fa9367298d27d2cbaab16a.jpg,Ants,Ants,0.6656221151351929,1,193.9950000000863
ants-191-_jpg.rf.a3b1a3fedfef1ee37bf8f92cfe3b3c88.jpg,Ants,Ants,0.7494552731513977,3,216.51509999992413
ants-193-_jpg.rf.c189a35c275fe7aefa205eb389070502.jpg,Ants,Ants,0.394634872674942,2,300.0904000000446
ants-196-_jpg.rf.9f30fd137b81b1098a5429be3f012d5c.jpg,Ants,Ants,0.7492793202400208,1,288.34340000003067
ants-199-_jpg.rf.35234d66e06d9d7d0dcd4172a6ea3fec.jpg,Ants,Ants,0.7584758400917053,1,304.2077000000063
ants-204-_jpg.rf.9768db225ab93daabb2dd638dd2017d0.jpg,Ants,(sin detección),0.0,0,328.98549999981697
ants-210-_jpg.rf.a64dcb81c54d67bb49b4f104dc427611.jpg,Ants,Ants,0.8295213580131531,4,267.9724000004171
ants-218-_jpg.rf.e91fe697060eae1325eafc80c7351cc2.jpg,Ants,Ants,0.7187151908874512,1,189.80150000015783
ants-227-_jpg.rf.95871d33c3ff4203103df96ab08adcd1.jpg,Ants,Ants,0.48753005266189575,1,187.1368000001894
ants-238-_jpg.rf.46cdcc2ec9e979400da4336bc9ce49eb.jpg,Ants,Ants,0.5453612804412842,1,155.33670000013444
ants-240-_jpg.rf.282865e11dfa809582a91c799bc23b55.jpg,Ants,Ants,0.8326694965362549,1,164.25410000010743
ants-241-_jpg.rf.e3ae012bda12b32d5a46f6b5d7c118f6.jpg,Ants,Ants,0.6758415102958679,1,212.97479999975621
ants-244-_jpg.rf.669788bafd509981e3ebaf67c2571aab.jpg,Ants,Ants,0.6840190887451172,1,208.67439999983617
ants-249-_jpg.rf.abc2c07be7c9a47e5e9a7d06410e98d5.jpg,Ants,Ants,0.7464281320571899,3,216.38450000000375
ants-253-_jpg.rf.90e2aa7729d466542f612e8ee2347311.jpg,Ants,Caterpillars,0.5229319334030151,1,213.09030000020357
ants-259-_jpg.rf.a2667e0ae42cf670a69f181cccd8c0e7.jpg,Ants,Ants,0.4727732241153717,1,351.2313000001086
ants-265-_jpg.rf.ff5ec34fa29df61146cd49309748e992.jpg,Ants,Earwigs,0.7358278036117554,1,344.06540000009045
ants-266-_jpg.rf.daa870aeffba7b1f172dcbb2278c7550.jpg,Ants,(sin detección),0.0,0,834.1805999998542
ants-270-_jpg.rf.e6387bc74eaae205ba375372364d2a4a.jpg,Ants,(sin detección),0.0,0,321.7399000000114
ants-275-_jpg.rf.ce76077985f8e450ad6d7d33014814df.jpg,Ants,Ants,0.7022061944007874,1,450.6653000003098
ants-293-_jpg.rf.c8168e2a3bd14f766e0694228af15a6c.jpg,Ants,Ants,0.7907602190971375,1,261.69739999977537
ants-314-_jpg.rf.6276bea84e9966bbe34051ba0c2ed3a2.jpg,Ants,Ants,0.6867575645446777,1,359.10089999970296
ants-317-_jpg.rf.8bf4c1c9b25d1a863f26780622be69f8.jpg,Ants,Ants,0.619042694568634,1,647.5749999999607
ants-319-_jpg.rf.b5b8192f5a784fdb1c1aa985cb7a8e80.jpg,Ants,Beetles,0.7235146760940552,2,270.03019999983735
ants-335-_jpg.rf.fa36e89a028723c8e7407a6a06dc721b.jpg,Ants,Ants,0.5330355167388916,1,294.8175000001356
ants-354-_jpg.rf.89e99dad9ce62878a73093a9a045039a.jpg,Ants,Ants,0.7801141738891602,1,248.9453000002868
ants-364-_jpg.rf.9fbf92c7429801f149a7de3a81a1e0dc.jpg,Ants,Ants,0.6247110962867737,3,243.57299999974202
ants-37-_jpg.rf.46d02afb7d76a24990e442c0eebc6904.jpg,Ants,Ants,0.6259602904319763,2,161.6583999998511
ants-376-_jpg.rf.295db599835e57f88005a524caaf5bdc.jpg,Ants,Ants,0.6570698022842407,1,179.528499999833
ants-386-_jpg.rf.10468b18a99d26cad58a7954efcc81ec.jpg,Ants,Ants,0.5948047637939453,1,183.33819999998013
ants-389-_jpg.rf.6c2ea9859d0f6fefed619522229257a7.jpg,Ants,Ants,0.7866644859313965,5,167.79059999998935
ants-398-_jpg.rf.ff064a7ec5850f14605ca6530e7b02c2.jpg,Ants,Ants,0.7413979768753052,1,161.01409999964744
ants-401-_jpg.rf.3879be0b8a138cab0c1ef9f7d7245819.jpg,Ants,Ants,0.6977827548980713,1,160.6735000000299
ants-427-_jpg.rf.e83d52efb688f7fcc646a151c58b7b41.jpg,Ants,Earwigs,0.33177614212036133,1,163.72580000006565
ants-455-_jpg.rf.ef4e908c79575f5e0d089d71e471a18a.jpg,Ants,Ants,0.7420752048492432,1,135.6645999999273
ants-474-_jpg.rf.d68a8d2975e0e294f828ca0a84beef62.jpg,Ants,Ants,0.31948405504226685,1,156.47760000001654
ants-483-_jpg.rf.03359e8a9e306b985eddfbce8824ae42.jpg,Ants,Ants,0.6373394131660461,1,203.47420000007332
ants-53-_jpg.rf.9ace2b180bd1835de62505c5a3a9b18b.jpg,Ants,Ants,0.6486172080039978,1,232.15729999992618
ants-58-_jpg.rf.598d7f1bc585c7cbe7768c846b538e86.jpg,Ants,Ants,0.8186691403388977,1,223.32060000007914
ants-60-_jpg.rf.3c8f6f8d2824222706cf7007096e178a.jpg,Ants,Ants,0.5929102301597595,2,263.36510000010094
ants-74-_jpg.rf.8f2e4ecbb67a8cd1e600e7ca34f4d3bf.jpg,Ants,Ants,0.6398596167564392,2,242.66269999998258
ants-86-_jpg.rf.d229d620c8385adc8c8c25ff58fdddca.jpg,Ants,Ants,0.432289183139801,2,205.02859999987777
ants-89-_jpg.rf.c43ac5cb3f49e342c5700deac81ff4c2.jpg,Ants,Ants,0.4044921100139618,2,222.34060000027966
ants-93-_jpg.rf.b989bafa051d78b0bc1d86666435cd32.jpg,Ants,Ants,0.32143983244895935,1,168.6570000001666
bees-10-_jpg.rf.fbdce3be3d965219325984c83a2a1169.jpg,Beetles,Bees,0.7252654433250427,1,169.55899999993562
bees-112-_jpg.rf.24609662f0f1e1507afa138449713d73.jpg,Bees,(sin detección),0.0,0,238.09039999969173
bees-114-_jpg.rf.f11f411da6d22748c8f2fe4f314db9b8.jpg,Bees,Bees,0.5890021920204163,1,200.9651000003032
bees-119-_jpg.rf.001c0fd7e4c24a50feb62a29c46df390.jpg,Bees,Bees,0.6591870784759521,1,181.5665999997691
bees-135-_jpg.rf.d822aabe509a165197999f8158e2db16.jpg,Bees,Bees,0.6469842791557312,1,193.19279999990613
bees-14-_jpg.rf.d829d810bb31d9db7578a9f44a07cff4.jpg,Bees,Bees,0.7820531129837036,1,189.44220000003043
bees-148-_jpg.rf.5c10c1d0ca905bf37f193e33bdb7884d.jpg,Bees,Bees,0.7123313546180725,1,216.77950000002966
bees-167-_jpg.rf.8a1210de5628230b1c61f2c3ae857433.jpg,Bees,Bees,0.7585669159889221,2,278.679000000011
bees-171-_jpg.rf.856a9d6b6509ef94cb75a443f62f4fb9.jpg,Bees,Bees,0.7508411407470703,1,279.4926999999916
bees-176-_jpg.rf.361df4f8a059008ef90977bff46b3de5.jpg,Bees,Bees,0.7760413289070129,1,277.22270000003846
bees-2-_jpg.rf.b50421ee1660d323c49bf661187f4587.jpg,Bees,Bees,0.791132926940918,1,393.11069999985193
bees-200-_jpg.rf.2e6d060c11d38f2db0ff29230c080db7.jpg,Bees,Bees,0.7728788256645203,1,281.5090999997665
bees-204-_jpg.rf.5862e051139a7a3f8af1d4d3597cef50.jpg,Bees,Bees,0.7126519680023193,1,272.1566000000166
bees-213-_jpg.rf.b84a53668eb4298be41d81b270428049.jpg,Bees,Bees,0.8319014310836792,1,294.71560000001773
bees-226-_jpg.rf.4ca967845278b8975fb50d2c2286c406.jpg,Bees,Moths,0.4174724817276001,1,153.97159999974974
bees-234-_jpg.rf.380d39ffd0f4e18f586e6ef8445be09f.jpg,Bees,Beetles,0.4229675829410553,1,140.81590000023425
bees-249-_jpg.rf.46464d0c483c1403db67ddffbe3678c5.jpg,Bees,Bees,0.7451246976852417,1,139.6085999999741
bees-255-_jpg.rf.389e7a0c0ec37dead3751ffcfc2eee2f.jpg,Bees,Bees,0.8067610859870911,1,286.37979999984964
bees-261-_jpg.rf.c935e1444bf373543dd0b263e2e3d723.jpg,Bees,Bees,0.7667555809020996,1,159.35399999989386
bees-274-_jpg.rf.ae62b48132c4e19fe23e9faf671deea6.jpg,Bees,Bees,0.7508134245872498,1,223.19010000001072
bees-28-_jpg.rf.d29140a385d52db57be6db6d3967d5d5.jpg,Bees,Bees,0.668453574180603,1,205.6029000000308
bees-289-_jpg.rf.006641aedfbe5165991fb5c014707b68.jpg,Bees,Bees,0.7744166851043701,1,215.93329999996058
bees-293-_jpg.rf.c1d0a9d157c49fb93b10995f1c9fd911.jpg,Bees,Bees,0.634835422039032,1,215.98059999996622
bees-3-_jpg.rf.defc7c68e90c404d8ba9d883f036ed21.jpg,Bees,Bees,0.706510066986084,1,351.126099999874
bees-302-_jpg.rf.0af0e8144fefd6078cc4b74d238a9407.jpg,Bees,Bees,0.7087761759757996,1,274.4788999998491
bees-306-_jpg.rf.7ea8238df8662a4e5e346ed7d1d0c166.jpg,Bees,Bees,0.7327279448509216,1,158.88640000002852
bees-312-_jpg.rf.9c26ba1ea9e7c6ea336f4d035e6f2324.jpg,Bees,Bees,0.7497014403343201,2,132.53110000005108
bees-324-_jpg.rf.84f45daf0e7f8b99005b957830ee8b9a.jpg,Bees,Bees,0.689084529876709,1,144.6976999995968
bees-384-_jpg.rf.95f463485d2de9a3796b6c994614861e.jpg,Bees,Bees,0.7478225231170654,1,173.60310000003665
bees-404-_jpg.rf.a8b5167f03b10a1fe333b709cacf2f90.jpg,Bees,Bees,0.752859354019165,1,143.51540000006935
bees-417-_jpg.rf.770844be49b08d7f11707e465be5e63c.jpg,Bees,Bees,0.7276627421379089,2,166.13890000007814
bees-422-_jpg.rf.af036be92b79bc8329da62bb333964a4.jpg,Bees,Bees,0.7601799964904785,1,154.4154999996863
bees-425-_jpg.rf.ef1be2726a5eb7d75e8e308dc526303a.jpg,Bees,(sin detección),0.0,0,150.07229999991978
bees-444-_jpg.rf.904643ee9e90966013d772a45e7778a1.jpg,Bees,Bees,0.6936394572257996,1,149.88799999991897
bees-45-_jpg.rf.577411533d338154fff2c16f59cd7fe6.jpg,Bees,Bees,0.7499733567237854,1,134.38859999996566
bees-462-_jpg.rf.a3b701b21872e3ad82fabaf888f88105.jpg,Bees,Bees,0.5209112167358398,2,142.54639999990104
bees-477-_jpg.rf.91c74cfc0b3de638e6ad8f99e625fd1c.jpg,Bees,Bees,0.768806517124176,1,173.95640000040657
bees-52-_jpg.rf.ac4c91cf2514e112a22ebfc5601e89d5.jpg,Bees,Beetles,0.5511996746063232,1,148.13210000011168
bees-73-_jpg.rf.37025eb4032d0996a2c2e0fade4cba24.jpg,Bees,Bees,0.5319653749465942,1,198.74269999991157
bees-75-_jpg.rf.829b4db145e079a0cd8077940c78b8de.jpg,Bees,Bees,0.6387603282928467,1,153.35210000012012
bees-92-_jpg.rf.440b947ee6590d53a2fc25fe8e6dc4b6.jpg,Bees,Bees,0.7923684120178223,1,150.37549999988187
beetle-105-_jpg.rf.c32afee834200fcc27ecace09de89856.jpg,Beetles,Beetles,0.5336008667945862,1,155.1681999999346
beetle-120-_jpg.rf.20173f98d8473d439512560940b92422.jpg,Beetles,Beetles,0.5245959162712097,1,149.4857000002412
beetle-127-_jpg.rf.77ebf94f40f0602b566155eae29c465d.jpg,Beetles,Beetles,0.7781821489334106,1,154.53059999981633
beetle-164-_jpg.rf.7b8992d4700be9f20a2d9010549f6cc1.jpg,Beetles,Beetles,0.7765793800354004,1,131.4357999999629
beetle-170-_jpg.rf.a74a51f4841007ed9a7af31f330ab459.jpg,Beetles,Slugs,0.5458256602287292,2,148.97219999966183
beetle-177-_jpg.rf.d644ef9479f51b6ec068aa5e458e3b8e.jpg,Beetles,Beetles,0.7402321696281433,1,143.90129999992496
beetle-184-_jpg.rf.4bf3bb36d1d80ce6d9a8aac7da892c8e.jpg,Beetles,Beetles,0.5488506555557251,1,148.20270000018354
beetle-189-_jpg.rf.34568723dda6fdf488e2446b5f0ae54d.jpg,Beetles,Beetles,0.7506881356239319,1,148.4667999998237
beetle-195-_jpg.rf.cb0e10bf66f044b9f58f57c6a33a3fce.jpg,Beetles,Beetles,0.8295053839683533,1,146.994100000029
beetle-200-_jpg.rf.4f4a3af8a8ba1b55c4712166ef048f59.jpg,Beetles,(sin detección),0.0,0,154.98310000020865
beetle-210-_jpg.rf.a96cfb77487bdee60e951dce59a0502a.jpg,Beetles,Beetles,0.8036050200462341,1,177.6068000003761
beetle-225-_jpg.rf.98427712e022c309c16fa916a21390b5.jpg,Beetles,Beetles,0.8291049003601074,1,201.3928000001215
beetle-230-_jpg.rf.71e562d22549a6b2615ae44391aca7b9.jpg,Beetles,Beetles,0.7918107509613037,1,166.31839999990916
beetle-237-_jpg.rf.db73127e89b3a16ec57f8b94807e9bca.jpg,Beetles,Beetles,0.7707334160804749,1,198.17169999987527
beetle-241-_jpg.rf.99525b9192adb13883a601a4a461306f.jpg,Beetles,Beetles,0.6657683253288269,1,181.6499000001386
beetle-244-_jpg.rf.b7b6ab058c6dd6afb107cae7d5616aa0.jpg,Beetles,Beetles,0.6392375230789185,1,194.91370000014285
beetle-248-_jpg.rf.46a4e56a9c6fb93fcebf30a2930ee540.jpg,Beetles,Beetles,0.8219189047813416,1,191.47369999973307
beetle-25-_jpg.rf.6d385355563d153c53a094b5244b9b36.jpg,Beetles,Beetles,0.8176352381706238,1,181.98350000011487
beetle-266-_jpg.rf.e5209d523cde0015c4b32112f23af765.jpg,Beetles,(sin detección),0.0,0,197.08350000018982
beetle-267-_jpg.rf.4e385baf652b305272981a8d049eafee.jpg,Beetles,Wasps,0.45901110768318176,1,188.6384999997972
beetle-29-_jpg.rf.7bddfa21a8be78331d79858872fce270.jpg,Beetles,Beetles,0.8102146983146667,1,211.28630000021076
beetle-291-_jpg.rf.918d316c2ade154f975b5625e805f9b7.jpg,Beetles,Beetles,0.4969184696674347,1,159.66079999998328
beetle-303-_jpg.rf.51468b4ed2e2386003f95ae3011579ec.jpg,Beetles,Bees,0.5304771661758423,3,144.53800000001138
beetle-308-_jpg.rf.acf83240f1e20dae4cad731590ed83e2.jpg,Beetles,(sin detección),0.0,0,143.29470000029687
beetle-310-_jpg.rf.7533a8e3c3a101a9f913f1bea6311f92.jpg,Beetles,Beetles,0.4824865758419037,1,145.41129999997793
beetle-311-_jpg.rf.eb92656b25b19728346a933d84cb2b00.jpg,Beetles,(sin detección),0.0,0,150.03759999990507
beetle-323-_jpg.rf.7e7ef7fa46c327acf784e14ba8002872.jpg,Beetles,Beetles,0.7891788482666016,1,208.3238000000165
beetle-328-_jpg.rf.c1f8dcfecf4313e21449a60122c960e4.jpg,Beetles,Beetles,0.8381478786468506,1,167.2085000000152
beetle-331-_jpg.rf.92a0aa79b503fc108ae2eea047df8370.jpg,Beetles,Beetles,0.5111416578292847,1,136.21000000011918
beetle-350-_jpg.rf.f7575adcb244eceb3a667561d69e82c5.jpg,Beetles,Weevils,0.8436213731765747,1,149.43770000036238
beetle-363-_jpg.rf.47deac9250aa965b0ac2d369b83777b6.jpg,Beetles,Beetles,0.42903608083724976,1,175.67060000010315
beetle-365-_jpg.rf.efdb14f01869fb784044b70a9bd4f889.jpg,Beetles,Beetles,0.7467502355575562,1,533.5445000000618
beetle-388-_jpg.rf.2d0c284e96024d9a05f4691c7d1e543a.jpg,Beetles,Beetles,0.741665244102478,1,241.2202000000434
beetle-40-_jpg.rf.1c9440f91d4c5142d3deb968c7da7aa6.jpg,Beetles,Beetles,0.4512607455253601,1,263.0865000000995
beetle-418-_jpg.rf.02ccfdbf8d9f0f3263d010690c70af07.jpg,Beetles,Beetles,0.6063527464866638,1,263.4963999998945
beetle-49-_jpg.rf.64cf115b7a2cf5df4b2a91e7411c415e.jpg,Beetles,Beetles,0.3061217665672302,1,211.78999999983716
beetle-63-_jpg.rf.6aebb267803324a28638de05b06907d4.jpg,Beetles,Beetles,0.7375772595405579,1,193.17670000009457
beetle-64-_jpg.rf.b99969f3e06ec5a844b52ed7ccd625aa.jpg,Beetles,Beetles,0.8289509415626526,1,190.2325999999448
beetle-79-_jpg.rf.5a156947e61f0d0492ca0d855356586c.jpg,Beetles,(sin detección),0.0,0,184.11009999999806
beetle-84-_jpg.rf.77d8e5fb2de2f218a5cd6d165e95ebd4.jpg,Beetles,Beetles,0.6797582507133484,1,178.19879999979094
catterpillar-100-_jpg.rf.6308bf1bee47aa497409a7ff17c7141d.jpg,Caterpillars,Caterpillars,0.7723116278648376,1,196.29029999987324
catterpillar-101-_jpg.rf.d74e8623b0c9ddd0b23d6cabcb4e3e94.jpg,Caterpillars,(sin detección),0.0,0,181.15390000002662
catterpillar-122-_jpg.rf.8006cda4153227ebeffc5e1593490cbe.jpg,Caterpillars,(sin detección),0.0,0,189.27119999989372
catterpillar-123-_jpg.rf.da95c1a2a153bd9d1a67863212cb0521.jpg,Caterpillars,(sin detección),0.0,0,202.97260000006645
catterpillar-125-_jpg.rf.b95ad740a3eb2676dfb50643dd7976c8.jpg,Caterpillars,Caterpillars,0.765428900718689,3,188.39699999989534
catterpillar-128-_jpg.rf.b4d158742d3db26106341f560a18c69c.jpg,Caterpillars,Caterpillars,0.7960407137870789,4,210.48749999999927
catterpillar-136-_jpg.rf.21a4088dfbd8deb36def35e82297a173.jpg,Caterpillars,Caterpillars,0.7116345763206482,1,183.0629000000954
catterpillar-144-_jpg.rf.01a5f92c16ef2ffe7b80f8e90a3a1fef.jpg,Caterpillars,Snails,0.5360022783279419,3,189.38380000008692
catterpillar-16-_jpg.rf.a988be4db6128c455b35af2967fdd5a3.jpg,Caterpillars,Slugs,0.3071451783180237,1,210.06420000003345
catterpillar-168-_jpg.rf.67f8e880f5a6ea690a43054a7d28f907.jpg,Caterpillars,Caterpillars,0.734683096408844,3,201.45460000003368
catterpillar-17-_jpg.rf.d431eb89c49c05f99f828291c378775c.jpg,Caterpillars,Beetles,0.5829740762710571,1,193.0942999997569
catterpillar-186-_jpg.rf.e7cf81c533445255a29b1fe1e5048309.jpg,Caterpillars,Caterpillars,0.494880348443985,2,145.8588000000418
catterpillar-207-_jpg.rf.652e57a157c182b126dc9ce17ed8ab9f.jpg,Caterpillars,Slugs,0.7277636528015137,1,142.59780000020328
catterpillar-217-_jpg.rf.95bdadd2e618ff5654b511b554406791.jpg,Caterpillars,Caterpillars,0.6469050049781799,1,212.81709999993836
catterpillar-218-_jpg.rf.83003926c0ade000676224fc35351fec.jpg,Caterpillars,Caterpillars,0.6699437499046326,1,214.1409000000749
catterpillar-23-_jpg.rf.61f1c8431272dbb579fc0c9c44c9834b.jpg,Caterpillars,(sin detección),0.0,0,203.32069999994928
catterpillar-230-_jpg.rf.f9e387694ee7a12db407ca133fdc0de9.jpg,Caterpillars,Caterpillars,0.6236824989318848,2,182.45019999994838
catterpillar-233-_jpg.rf.fa631666fb0bb560df1786769f6f7b2d.jpg,Caterpillars,Caterpillars,0.7328923344612122,1,169.98019999982716
catterpillar-241-_jpg.rf.c5850e248ccf55952be6aa2afe3c1b1c.jpg,Caterpillars,Caterpillars,0.7436357140541077,1,260.89909999973315
catterpillar-243-_jpg.rf.ae5c34f4b76b950c2febf00622e3c5bc.jpg,Caterpillars,Caterpillars,0.704919695854187,1,171.94609999978638
catterpillar-255-_jpg.rf.10b26ea5c48e27aa43bbc48ad9a38d23.jpg,Caterpillars,Caterpillars,0.543090283870697,1,253.54460000016843
catterpillar-257-_jpg.rf.4f9a58bc09899445870596023004630c.jpg,Caterpillars,Caterpillars,0.48521217703819275,3,252.21249999958673
catterpillar-262-_jpg.rf.fbd1c3e6620ff60eb62040a3095d448d.jpg,Caterpillars,Caterpillars,0.8426823019981384,1,204.87000000002809
catterpillar-283-_jpg.rf.356e5e0fb0469dffd5f679e0e8da87da.jpg,Caterpillars,Grasshoppers,0.4898819327354431,1,218.47250000018903
catterpillar-286-_jpg.rf.d7ba8cc4f9e39bec1afcd2daaa0ab7ff.jpg,Caterpillars,Grasshoppers,0.4116145074367523,1,219.03579999980138
catterpillar-287-_jpg.rf.a0c300aea1586132c2ef9e174a78923a.jpg,Caterpillars,Caterpillars,0.8178454637527466,1,205.4798999997729
catterpillar-298-_jpg.rf.40d2ccc1feb2f5b6158ee1b0ca487aff.jpg,Moths,Beetles,0.5594042539596558,2,166.33520000004864
catterpillar-31-_jpg.rf.fd9eac28648847847125fc9c571ae0df.jpg,Caterpillars,Caterpillars,0.6878930330276489,3,142.7417999998397
catterpillar-315-_jpg.rf.043036526e7698daa3b3781196ed6bcd.jpg,Caterpillars,Caterpillars,0.38751479983329773,1,138.58810000010635
catterpillar-323-_jpg.rf.3eaa0e4ad5f0e30e078d4bc9acdac48f.jpg,Caterpillars,Beetles,0.5734854340553284,1,152.3019999999633
catterpillar-332-_jpg.rf.a9ba8325048df72543d978e6f2bf9322.jpg,Caterpillars,(sin detección),0.0,0,142.8041000003759
catterpillar-349-_jpg.rf.d919938a75029b8088f64702821478b0.jpg,Caterpillars,Caterpillars,0.6869449615478516,1,144.86770000030447
catterpillar-353-_jpg.rf.b96488b86472262e357a95d5037cf551.jpg,Moths,(sin detección),0.0,0,191.6519999999764
catterpillar-363-_jpg.rf.d18f309471da4326e3114ef785715524.jpg,Caterpillars,Caterpillars,0.7383807897567749,1,343.3172999998533
catterpillar-364-_jpg.rf.013ecf503efebcb92bd7cdee6d398c4e.jpg,Caterpillars,Caterpillars,0.7630993127822876,2,238.57270000007702
catterpillar-375-_jpg.rf.9dc266c07d14620e418a9fb4a9dc2fa2.jpg,Caterpillars,Caterpillars,0.7583504915237427,1,274.65529999972205
catterpillar-380-_jpg.rf.8549d9eb09c318b5b79798179ecd779a.jpg,Caterpillars,Caterpillars,0.7501562237739563,1,272.9663999998593
catterpillar-396-_jpg.rf.678a4eb2dac4e51423036f8e8ba53644.jpg,Caterpillars,Caterpillars,0.501853883266449,2,260.76679999960106
catterpillar-405-_jpg.rf.6d383bc689e1f3ee151a7a903aa904fe.jpg,Caterpillars,Caterpillars,0.7256091833114624,1,281.5957000002527
catterpillar-406-_jpg.rf.c08826341d3654998868399dfce524a8.jpg,Caterpillars,Caterpillars,0.7166531085968018,1,268.1354999999712
catterpillar-414-_jpg.rf.b6cc2f4c05d21dfd07751303f4d142c5.jpg,Caterpillars,Caterpillars,0.7794054746627808,1,243.74940000006973
catterpillar-421-_jpg.rf.9bfb0f71c4996e32287f73d92b5e8b3c.jpg,Caterpillars,Caterpillars,0.6430912613868713,4,185.8781999999337
catterpillar-439-_jpg.rf.7dc956de6e6b9d034da027bc51f1195a.jpg,Caterpillars,Caterpillars,0.6504021883010864,1,193.97209999988263
catterpillar-45-_jpg.rf.d650b7fabec2532bb512f74f9a676890.jpg,Caterpillars,Caterpillars,0.7550668716430664,2,225.3163999998833
catterpillar-77-_jpg.rf.b53ab2698a63c9f5f7651ae776a8d88d.jpg,Caterpillars,(sin detección),0.0,0,198.07970000010755
catterpillar-78-_jpg.rf.650081c5d871c984cc39fcbdd45c5684.jpg,Caterpillars,Caterpillars,0.7241331934928894,8,216.38020000000324
catterpillar-8-_jpg.rf.72ca83a8f4f12421d181a02188ebb6f4.jpg,Caterpillars,Caterpillars,0.6964284777641296,1,172.41899999999077
catterpillar-92-_jpg.rf.093105477476c89e915f186338890c7f.jpg,Caterpillars,Caterpillars,0.554747462272644,1,192.41860000011002
earthworms-12-_jpg.rf.201a455cbf5a552ab8f301e25407d2e8.jpg,Earthworms,Earthworms,0.4054657518863678,1,242.1543999998903
earthworms-124-_jpg.rf.18e1d2b9346907eb454db1c700cc063b.jpg,Earthworms,Earthworms,0.668865978717804,1,195.22809999989477
earthworms-125-_jpg.rf.41e737389668098ca4da381f525a77fb.jpg,Earthworms,Earthworms,0.7228971123695374,2,208.2658999997875
earthworms-135-_jpg.rf.043a9953d8e3f4e7bf6d817114cb2344.jpg,Earthworms,Earthworms,0.36602169275283813,2,235.16669999980877
earthworms-14-_jpg.rf.b493a844a466084c2a7e67b00b4d02b8.jpg,Earthworms,Earthworms,0.6208637952804565,1,226.06240000004618
earthworms-150-_jpg.rf.210f6fbb71f0ac644d3921dd239b8c92.jpg,Earthworms,Earthworms,0.6433771848678589,1,261.7288000001281
earthworms-151-_jpg.rf.f642821662264a28fcf741329e9f8f05.jpg,Earthworms,Caterpillars,0.42730677127838135,1,191.14769999987402
earthworms-154-_jpg.rf.2a68245034d4a480ae9189ad7ddd2d4f.jpg,Earthworms,(sin detección),0.0,0,169.0534999997908
earthworms-159-_jpg.rf.e293a865d58f22c007f5690cb73ba0f2.jpg,Earthworms,Earthworms,0.6280630826950073,1,188.5717999998633
earthworms-17-_jpg.rf.ffd48189117896b4e6e28d9c5974eb7b.jpg,Earthworms,Earthworms,0.338716059923172,1,169.33209999979226
earthworms-18-_jpg.rf.b0aa427ab62e788418df11254838f312.jpg,Earthworms,Earthworms,0.5029251575469971,1,157.11340000007112
earthworms-195-_jpg.rf.a4d1e170ef63482ea72fa980d1d619a9.jpg,Earthworms,Earthworms,0.7575985789299011,1,128.122600000097
earthworms-230-_jpg.rf.21f8643d1611506137cdd74e1f22b6c7.jpg,Earthworms,(sin detección),0.0,0,135.30070000024352
earthworms-233-_jpg.rf.42599bc5dc9c9c9ab50377ee7e0b0424.jpg,Earthworms,Earthworms,0.6194174885749817,1,146.20940000031624
earthworms-253-_jpg.rf.ef6d384083a2d1be880edcb20066853b.jpg,Earthworms,Earthworms,0.5598770976066589,1,169.31849999991755
earthworms-260-_jpg.rf.0dd2dd897dad89c1a16170f62e690ab7.jpg,Earthworms,Earthworms,0.6455545425415039,1,189.8324999997385
earthworms-262-_jpg.rf.1e965e366ca101ed9fa7d7333be4afc6.jpg,Earthworms,Earthworms,0.7033716440200806,1,172.0473000000311
earthworms-272-_jpg.rf.03b8e5daa36e9ca05497a5c5689ccdcd.jpg,Earthworms,Earthworms,0.5596072673797607,1,236.76320000004125
earthworms-288-_jpg.rf.9003e4b2743809af968d156b7c66321f.jpg,Earthworms,(sin detección),0.0,0,198.40519999979733
earthworms-296-_jpg.rf.7198fe226545bb4bb110d1dd046579eb.jpg,Earthworms,Earthworms,0.45717349648475647,1,214.68780000031984
earthworms-299-_jpg.rf.e5eb90ef2e38053ef6517adaec354d6c.jpg,Earthworms,(sin detección),0.0,0,213.3427999997366
earthworms-308-_jpg.rf.2504c9019e3b4fa84ae631dc0ff55460.jpg,Earthworms,Moths,0.5611556172370911,1,281.5784999997959
earthworms-31-_jpg.rf.ed76c30fdcced93d9b20232025929296.jpg,Earthworms,(sin detección),0.0,0,279.41280000004554
earthworms-38-_jpg.rf.9c1f5ba0e04fe30179e8d131b3f16722.jpg,Earthworms,Earthworms,0.6735703945159912,1,148.5776999998052
earthworms-50-_jpg.rf.d08e794511d74f30cb9ab59e6bd73388.jpg,Earthworms,(sin detección),0.0,0,159.4982000001437
earthworms-85-_jpg.rf.da7b517a352a03241442ceab066b0c36.jpg,Earthworms,Caterpillars,0.6707751154899597,1,155.3248000000167
earthworms-89-_jpg.rf.573822fb20f61a01e9be3613c7d0208c.jpg,Earthworms,Earthworms,0.4851255714893341,1,147.6861999999528
earwig-102-_jpg.rf.11ccce14c46790eef951ec6cbca432c3.jpg,Earwigs,Earwigs,0.7177309393882751,1,155.35469999986162
earwig-111-_jpg.rf.83d270d8357f342dac0f869570b6d160.jpg,Earwigs,Earwigs,0.6235057711601257,5,134.70170000027792
earwig-113-_jpg.rf.3148de57698869b2ee09f742945d5859.jpg,Earwigs,Beetles,0.5933191776275635,2,134.93379999999888
earwig-118-_jpg.rf.9881cba3ee3a8978ad64b608f028ae0e.jpg,Earwigs,Earwigs,0.4061020612716675,1,125.94910000007076
earwig-131-_jpg.rf.a975a6cbe5e4daf313e5aee40d1f4799.jpg,Earwigs,Earwigs,0.606241762638092,1,164.80019999971773
earwig-137-_jpg.rf.d457cf92b53ff13b0b5b290696628e22.jpg,Earwigs,(sin detección),0.0,0,147.6089000002503
earwig-145-_jpg.rf.aa57fc9d007916ba7af32eb648a1ebd7.jpg,Earwigs,Earwigs,0.7341009974479675,1,204.2740000001686
earwig-147-_jpg.rf.f2aa270bc43f6f78bcc29d748584cdf3.jpg,Earwigs,Earwigs,0.9322152733802795,1,205.23679999996602
earwig-151-_jpg.rf.4c07a8b456f6f4757046bd4fc71e5889.jpg,Earwigs,Earwigs,0.7447381615638733,1,214.58450000000084
earwig-152-_jpg.rf.387666e54d75008d02a86a68381f0185.jpg,Earwigs,Earwigs,0.6616683602333069,1,247.6173000000017
earwig-153-_jpg.rf.31888ef2f446ac29dae20e71ba66699c.jpg,Earwigs,Earwigs,0.6225100755691528,1,266.1356000003252
earwig-160-_jpg.rf.19166968a2a87d368e881d4655da2157.jpg,Earwigs,Earwigs,0.6506785750389099,1,265.9813000000213
earwig-164-_jpg.rf.12d3fa6846690c5bd9cc503d47798336.jpg,Earwigs,Earwigs,0.802044153213501,1,190.9685000000536
earwig-165-_jpg.rf.98ff25cee96863a57cf23bafba940690.jpg,Earwigs,Earwigs,0.7540560960769653,1,133.94070000003921
earwig-173-_jpg.rf.2647de79fbbe2d37540bdb881b32a8e7.jpg,Earwigs,Earwigs,0.7147546410560608,1,160.27299999996103
earwig-18-_jpg.rf.d58d217588833582ca9971815aa0b202.jpg,Earwigs,Earwigs,0.7648767232894897,1,121.39610000031098
earwig-202-_jpg.rf.c87fd0d715aaaf9a3ae25e29decda5ec.jpg,Earwigs,Earwigs,0.34180086851119995,1,134.08990000016274
earwig-214-_jpg.rf.00f10b3662f3b47ed843a768c2377515.jpg,Earwigs,Earwigs,0.5325990915298462,1,153.6313000001428
earwig-215-_jpg.rf.99e447db42b140f2dfb09672cb34b88a.jpg,Earwigs,Earwigs,0.7780062556266785,1,128.4232999996675
earwig-222-_jpg.rf.0e77d4578c725de56c3fd75cfbc3e6c2.jpg,Earwigs,Earwigs,0.6109218597412109,1,142.12289999977656
earwig-224-_jpg.rf.b5972c9ca07a6ed50a76b30bbda1bb79.jpg,Earwigs,Bees,0.4843587875366211,1,149.2456000000857
earwig-235-_jpg.rf.863630803651097e3a7e59556fa90d87.jpg,Earwigs,Earwigs,0.8308647274971008,1,281.8769999998949
earwig-238-_jpg.rf.417b476c0ef24d052d093c885d972fec.jpg,Earwigs,Beetles,0.7048801779747009,1,387.3956999996153
earwig-24-_jpg.rf.5e3816c76546e8a64836ac5ac25c22e0.jpg,Earwigs,Earwigs,0.4587825536727905,1,406.71419999989666
earwig-245-_jpg.rf.01739a2397f5101974958ee51db7fbcb.jpg,Earwigs,Earwigs,0.7530079483985901,1,381.2886000000617
earwig-254-_jpg.rf.2b6fb12c19c5b21cae783c05e11417c9.jpg,Earwigs,Earwigs,0.6412520408630371,1,269.39850000007937
earwig-255-_jpg.rf.e1ba2aedfd5fbc02390a49923d047a4c.jpg,Earwigs,Earwigs,0.8569486141204834,1,186.68060000027253
earwig-263-_jpg.rf.c0e2bf531b1a6852cd47e74cd7b39beb.jpg,Earwigs,Earwigs,0.6055130958557129,1,149.2329000002428
earwig-269-_jpg.rf.f6e5a7ef4b1511446b587c4b3ddf2730.jpg,Earwigs,Earwigs,0.9391854405403137,1,143.56720000023415
earwig-284-_jpg.rf.6c85658923f69316c59ac2dd7c98a7b3.jpg,Earwigs,Earwigs,0.7018494606018066,1,136.90150000002177
earwig-295-_jpg.rf.4405d302d9980abd805383985115f75d.jpg,Earwigs,Earwigs,0.6760411262512207,1,138.67119999986244
earwig-298-_jpg.rf.600cc25d4d50c36faafdcdc78f9a10ca.jpg,Earwigs,Earwigs,0.7420007586479187,1,123.17690000008952
earwig-310-_jpg.rf.e6291948592935b85dfa659c1af9028d.jpg,Earwigs,Earwigs,0.6706700325012207,1,104.57730000007359
earwig-311-_jpg.rf.3f2cb482534fa87f0668a8dff60c51f5.jpg,Earwigs,(sin detección),0.0,0,124.13670000023558
earwig-313-_jpg.rf.48f2ae6cf920c5ad83230d8429e9cffd.jpg,Earwigs,Earwigs,0.7290860414505005,1,137.4897000000601
earwig-33-_jpg.rf.8d8eeea40a431e386522379770b07dce.jpg,Earwigs,Slugs,0.4434375762939453,1,152.95370000012554
earwig-338-_jpg.rf.0c9bdd3c2ead3d04813bbd4f1374a188.jpg,Earwigs,Earwigs,0.8255584239959717,1,157.39570000005187
earwig-34-_jpg.rf.08afb833d5300c0f874fa495b5c46945.jpg,Earwigs,Earwigs,0.7046428322792053,1,159.3737000002875
earwig-341-_jpg.rf.07cc2ebd85070a72ceb74bd1e441b2c1.jpg,Earwigs,Earwigs,0.6889052987098694,2,222.1377000000757
earwig-355-_jpg.rf.4505901ff766f6088dcac0a998d13da7.jpg,Earwigs,Earwigs,0.7790617346763611,1,257.2618999997758
earwig-367-_jpg.rf.f2c00918477eca581bd6dacc3bb08adc.jpg,Earwigs,Earwigs,0.5211064219474792,1,249.02449999990495
earwig-375-_jpg.rf.881c958898580e13619aa40b7d534654.jpg,Earwigs,Earwigs,0.8055656552314758,1,277.9232000002594
earwig-399-_jpg.rf.62bd2bf7f31f043a6608c206b862aac9.jpg,Earwigs,Earwigs,0.5460443496704102,1,205.62540000037188
earwig-412-_jpg.rf.af4745ea0830646377c7e943dcbfb488.jpg,Earwigs,Earwigs,0.7152246832847595,1,219.60129999979472
earwig-413-_jpg.rf.de55b42a52e88dec0595f65051046f44.jpg,Earwigs,Earwigs,0.6946332454681396,1,146.32799999981216
earwig-417-_jpg.rf.1edc63b241d8a145da3ac91bfce67979.jpg,Earwigs,Earwigs,0.5916519165039062,1,126.90029999976105
earwig-421-_jpg.rf.bdb1dbb1db1018e07ffef7b3a37c4a7b.jpg,Earwigs,(sin detección),0.0,0,120.52390000008018
earwig-427-_jpg.rf.2a3fd212d280bc297818212b64baca7c.jpg,Earwigs,Earwigs,0.7554856538772583,1,155.15030000005936
earwig-428-_jpg.rf.16ec456c1f3f64b10a72a07ede359f16.jpg,Earwigs,(sin detección),0.0,0,136.61590000037904
earwig-432-_jpg.rf.eeec158401262e18fb6dcffa7fc7c545.jpg,Earwigs,Earwigs,0.6839644908905029,1,120.57249999998021
earwig-440-_jpg.rf.429c57b2aee3af5ff8f31a2832b1edb7.jpg,Earwigs,Earwigs,0.8003226518630981,1,127.00360000008004
earwig-452-_jpg.rf.3c504fd0c596592c6201a60a403808ef.jpg,Earwigs,Earwigs,0.412972092628479,1,126.97939999998198
earwig-461-_jpg.rf.bccd07da519a38b2ae819b3f20f938e7.jpg,Earwigs,Earwigs,0.39729219675064087,1,142.6993999998558
earwig-48-_jpg.rf.36e2790a1a0077771d1c15b390c51509.jpg,Earwigs,Earwigs,0.800949215888977,1,146.9336000000112
earwig-52-_jpg.rf.2afd89c7a3c009ea81cff4cf86b10e50.jpg,Earwigs,Earwigs,0.5735076665878296,1,161.39190000012604
earwig-59-_jpg.rf.23955a6c2535be3fc6ecd03cf4cbe904.jpg,Earwigs,Earwigs,0.3462594449520111,1,234.20209999994768
earwig-78-_jpg.rf.75ebf79dcebbc2fa30b40efc284284c0.jpg,Earwigs,(sin detección),0.0,0,225.8959999999206
earwig-91-_jpg.rf.0aa4b2c5a44196f83835fe342a47bcb3.jpg,Earwigs,Earwigs,0.5310792326927185,1,222.24159999996118
earwig-94-_jpg.rf.66617babcb3514c5236b9cad50dc6a80.jpg,Earwigs,Beetles,0.30681508779525757,1,205.9607999999571
grasshopper-107-_jpg.rf.be0754d62d7b93a0d6c2f84f1aa14cd3.jpg,Grasshoppers,Grasshoppers,0.7532488107681274,1,218.45570000004955
grasshopper-11-_jpg.rf.0746dc023efddc064bcdd4c2784fbf16.jpg,Grasshoppers,Grasshoppers,0.6066665053367615,1,210.2878000000601
grasshopper-115-_jpg.rf.39f9575f6f75f3f29b2decc9701d930c.jpg,Grasshoppers,Grasshoppers,0.6956961154937744,1,201.42930000019987
grasshopper-133-_jpg.rf.e677d8a667d099bc44e8c234610da93d.jpg,Grasshoppers,Grasshoppers,0.8837056756019592,1,173.64839999981996
grasshopper-163-_jpg.rf.732bf9cf3fd5f26eea75a08889e6b58a.jpg,Grasshoppers,Grasshoppers,0.7492655515670776,1,136.21660000035263
grasshopper-173-_jpg.rf.d4860f6fd821d9a8589e344d60d65053.jpg,Grasshoppers,Grasshoppers,0.7099381685256958,1,272.4652000001697
grasshopper-179-_jpg.rf.ccb726bd106a62159f586078bd93bd9a.jpg,Grasshoppers,Grasshoppers,0.6832449436187744,1,133.35009999991598
grasshopper-18-_jpg.rf.867473fa8917e9e04256f1a145359a76.jpg,Grasshoppers,Grasshoppers,0.6152706742286682,1,127.80060000022786
grasshopper-190-_jpg.rf.8253f377d79b163e77d955b35deb28c4.jpg,Grasshoppers,Grasshoppers,0.4906345307826996,1,134.14330000023256
grasshopper-193-_jpg.rf.9b40f3781ca7d53dfe846589d216a231.jpg,Grasshoppers,Grasshoppers,0.7916029095649719,1,130.21670000034646
grasshopper-195-_jpg.rf.f37ec63a3e63ee3ddea02c0f812d223c.jpg,Grasshoppers,Grasshoppers,0.7787075638771057,1,158.2813999998507
grasshopper-203-_jpg.rf.1d79d11287cbf0db44c37843d0aeb0a7.jpg,Grasshoppers,Grasshoppers,0.8143725395202637,1,199.91299999992407
grasshopper-21-_jpg.rf.abc56aa501ca2268f11535228de02555.jpg,Grasshoppers,Grasshoppers,0.49004489183425903,1,234.66050000024552
grasshopper-226-_jpg.rf.5b314e43bf0065fd3d014b58673ccc9c.jpg,Grasshoppers,Grasshoppers,0.7017675638198853,1,220.47740000016347
grasshopper-235-_jpg.rf.7f13b491f2ec79260b7614fe814eb9c4.jpg,Grasshoppers,Grasshoppers,0.7830886840820312,1,216.67919999981677
grasshopper-238-_jpg.rf.20b0059af7994ded7958105d762832ee.jpg,Grasshoppers,Grasshoppers,0.6814237236976624,1,238.1464000000051
grasshopper-242-_jpg.rf.7530f188b2d7f7a7e78171e7c131994d.jpg,Grasshoppers,Grasshoppers,0.7285733222961426,1,276.96389999982785
grasshopper-245-_jpg.rf.11c2e8fb8e4401e4db4615cade734369.jpg,Grasshoppers,Grasshoppers,0.8222790360450745,1,279.68590000000404
grasshopper-262-_jpg.rf.d9039ed23f69ed5919cedef264b336bd.jpg,Grasshoppers,(sin detección),0.0,0,196.72609999997803
grasshopper-269-_jpg.rf.cc66f04210aef090f6a4bf434d7a54f1.jpg,Grasshoppers,Grasshoppers,0.7772830128669739,1,138.9353999998093
grasshopper-274-_jpg.rf.51656653a421d03caac9847e92264787.jpg,Grasshoppers,Grasshoppers,0.6574353575706482,1,143.09270000012475
grasshopper-29-_jpg.rf.42ed547840de69e8997b8fffa60c3453.jpg,Grasshoppers,Grasshoppers,0.8047145009040833,1,133.18980000030933
grasshopper-353-_jpg.rf.11a7eb0cc593280b85c6222c06f8a240.jpg,Grasshoppers,Grasshoppers,0.6959770917892456,1,125.99320000026637
grasshopper-366-_jpg.rf.d800afb0742e367068d24aac598a3489.jpg,Grasshoppers,Grasshoppers,0.5604817271232605,1,135.4221999999936
grasshopper-416-_jpg.rf.aa98515ec4ee5fd3ac62cc8257d60c56.jpg,Grasshoppers,Beetles,0.3106210231781006,1,144.82960000032108
grasshopper-428-_jpg.rf.561d0b7ed3ef09aa47fbe0ef6b50b5d3.jpg,Grasshoppers,Grasshoppers,0.845632791519165,1,185.94450000000506
grasshopper-430-_jpg.rf.cda8d9a8d8c81abac898bb4263ac5041.jpg,Grasshoppers,Grasshoppers,0.7016096711158752,1,146.7185999999856
grasshopper-456-_jpg.rf.5877bf3c915d56632e1b619bf1a198d3.jpg,Grasshoppers,Grasshoppers,0.8298453688621521,1,208.7479999995594
grasshopper-466-_jpg.rf.e899f9393625d119596451d6af129b68.jpg,Grasshoppers,Grasshoppers,0.7439919710159302,1,158.41380000028948
grasshopper-475-_jpg.rf.4fb7df3b45e06f57d2f2b9451c5b4864.jpg,Grasshoppers,Grasshoppers,0.5761826038360596,1,175.39030000034472
grasshopper-477-_jpg.rf.254fe9ef86991ad47852db075dc74556.jpg,Grasshoppers,Grasshoppers,0.47510507702827454,1,181.67080000011993
grasshopper-59-_jpg.rf.d996fa1d959aa98bc3c4d8110014b4eb.jpg,Grasshoppers,Grasshoppers,0.7917207479476929,1,166.1175999997795
grasshopper-63-_jpg.rf.3aaaec201d42a0498af62e3085bca65d.jpg,Grasshoppers,Grasshoppers,0.46875056624412537,1,165.6991999998354
grasshopper-73-_jpg.rf.51399747bc591afdda4770356936baf7.jpg,Grasshoppers,Caterpillars,0.47698378562927246,2,149.15079999991576
grasshopper-79-_jpg.rf.262003e7657d4afad07ccbc41fb2eb43.jpg,Grasshoppers,Grasshoppers,0.7091543674468994,1,151.45030000030602
grasshopper-84-_jpg.rf.e97f70dcd6fda67ce58eb42d8775a1fe.jpg,Grasshoppers,Grasshoppers,0.6850329637527466,1,150.30739999974685
grasshopper-85-_jpg.rf.82584c7f8df18f91ebd6ec6b573ee47a.jpg,Grasshoppers,Grasshoppers,0.7251911759376526,1,382.22099999984493
grasshopper-91-_jpg.rf.46b7db122372a9e1f5f7770ee294e8a5.jpg,Grasshoppers,Grasshoppers,0.7628920674324036,1,222.0673000001625
moth-126-_jpg.rf.b322a8cd8d590df75a3060caa84aa369.jpg,Moths,Moths,0.592028021812439,1,328.74160000028496
moth-139-_jpg.rf.72d4cbb3656452fb3a5a00faac722e9e.jpg,Moths,Moths,0.9242347478866577,1,249.89719999985027
moth-140-_jpg.rf.89f68884156202c47604b85a0f8f32e3.jpg,Moths,Moths,0.9409192800521851,1,284.04120000004696
moth-147-_jpg.rf.5ac1a0980188fb1c70581c7b08676f7c.jpg,Moths,Moths,0.725994348526001,1,243.46920000016326
moth-149-_jpg.rf.dc3d94771f40915174e019b288adc63b.jpg,Moths,Moths,0.8217422366142273,1,324.6623999998519
moth-15-_jpg.rf.70b3162dc462b9313143ad3cdbd60994.jpg,Moths,Moths,0.8376730680465698,1,311.79629999996905
moth-151-_jpg.rf.ebe36575aa87a947cea93d631126bc5f.jpg,Moths,Moths,0.7473252415657043,1,321.74829999985377
moth-162-_jpg.rf.c00f27762fcd2c586072d6f9872d296b.jpg,Moths,(sin detección),0.0,0,162.48330000007627
moth-164-_jpg.rf.b9781cdc14f469d13e29248f2ce35ec1.jpg,Moths,Moths,0.957388699054718,1,185.97849999969185
moth-201-_jpg.rf.ac5cc46fd8fc59648f2ac19c0e16166c.jpg,Moths,Moths,0.9407442212104797,1,200.54399999980888
moth-211-_jpg.rf.c405695104d582c6038f34520a5ed100.jpg,Moths,Moths,0.7896233797073364,1,191.8822999996337
moth-217-_jpg.rf.5d4db7acaedce15d8554e1f04ff94e7b.jpg,Moths,Moths,0.7160446643829346,2,236.41550000002098
moth-237-_jpg.rf.75ba41c8e6c69f781b031c0f75a26671.jpg,Moths,Moths,0.7386695146560669,1,173.32289999967543
moth-269-_jpg.rf.648d7b797f149cca19eb1d5c9796e41f.jpg,Moths,Moths,0.8292925953865051,1,134.18360000014218
moth-284-_jpg.rf.e5bec972be187f1b4fcae771e182d1ee.jpg,Moths,(sin detección),0.0,0,138.289800000166
moth-290-_jpg.rf.8b11267eb41b2f3fe5ec58594b92d2df.jpg,Moths,Moths,0.8551933765411377,1,158.0996999996387
moth-3-_jpg.rf.2b1ed9124bef52fa3e0fddad0009a349.jpg,Moths,Moths,0.8215751647949219,1,160.7824000002438
moth-33-_jpg.rf.7bb9b5a8c4de0312a2c21d6bb8d05b88.jpg,Moths,Moths,0.6593332290649414,1,164.4547999999304
moth-335-_jpg.rf.a2b630bd9e9e2ceaa51c573b30edad9d.jpg,Moths,Moths,0.909480631351471,1,159.648400000151
moth-34-_jpg.rf.b1c0b2f9d63462f27e40f7c29fc41a38.jpg,Moths,Moths,0.6914966702461243,1,172.7176999997937
moth-342-_jpg.rf.2340d233bc36d788f26d4dc625535e1a.jpg,Moths,Moths,0.8060780167579651,1,175.10150000043723
moth-371-_jpg.rf.8ff0e564bb920f2b7c800052d10396a7.jpg,Moths,Moths,0.9453316330909729,1,199.6145000002798
moth-380-_jpg.rf.c56898d2a2f238b79d01cc9e947c838d.jpg,Moths,Moths,0.8114700317382812,1,408.65230000008523
moth-382-_jpg.rf.6a2d0c90deb3d91ecf6c402dfd7b6237.jpg,Moths,Moths,0.8543208241462708,1,212.64770000016142
moth-404-_jpg.rf.3e9b20f61d7a3dbdcbaed2573662732b.jpg,Moths,Moths,0.6951695084571838,1,161.50759999982256
moth-407-_jpg.rf.4b6381f85d5b1909b3da2fb3152698fe.jpg,Moths,Moths,0.8090589642524719,1,143.17519999985961
moth-418-_jpg.rf.f76dd20351854122d997c8f83091c33b.jpg,Moths,Moths,0.695165753364563,1,156.0276000000158
moth-426-_jpg.rf.3974e95ee5eb4430d207aab5d3c29950.jpg,Moths,Moths,0.8825657963752747,1,160.61179999996966
moth-43-_jpg.rf.151ca77c476f95158198c48caeb8e12d.jpg,Moths,Moths,0.9010829329490662,1,157.50660000003336
moth-453-_jpg.rf.d08ff1e955676b2fd1a5ef61272b39f8.jpg,Moths,Moths,0.7982212901115417,1,159.2971000000034
moth-457-_jpg.rf.66efd23244193f0876f40fe1a64713ce.jpg,Moths,Slugs,0.6626426577568054,1,181.10840000008466
moth-463-_jpg.rf.97516c18597d05bf621a9f7b2b2d765d.jpg,Moths,Moths,0.7281508445739746,1,256.8735999998353
moth-466-_jpg.rf.1edf68b936983d18717f2e83511c9537.jpg,Moths,Moths,0.30096134543418884,1,184.54849999989165
moth-484-_jpg.rf.4db3d793c2411b7c5115675b9837dfa7.jpg,Moths,Grasshoppers,0.6359250545501709,1,168.1785000000673
moth-49-_jpg.rf.51845a3f3fea188c3f834c90349f9503.jpg,Moths,Moths,0.7659052014350891,1,171.18040000013934
moth-5-_jpg.rf.7996f41f9bc6ab7f1214da04c212d49f.jpg,Moths,Moths,0.8043102025985718,1,147.66869999994015
moth-54-_jpg.rf.a73bc25a71301356165ff2ac08b601e1.jpg,Moths,Moths,0.7510926127433777,1,151.3534000000618
moth-55-_jpg.rf.80b38d7fab30bc9533d4faf9cc933055.jpg,Moths,Moths,0.8039156198501587,1,165.64530000005107
moth-59-_jpg.rf.a2096371ddb668fc2d97c60c71f40c0c.jpg,Moths,Moths,0.7891501188278198,1,214.5780000000741
moth-73-_jpg.rf.91683697baa9b8595ad9946bade13e59.jpg,Moths,Earwigs,0.32904577255249023,1,185.32039999990957
moth-76-_jpg.rf.e77939a1688aa855ead4e24dce6d9abc.jpg,Moths,Moths,0.881392776966095,1,158.76309999976002
moth-79-_jpg.rf.ea3330cae14a25d3b16e698814779e3a.jpg,Moths,Moths,0.8189182281494141,1,177.35899999979665
moth-86-_jpg.rf.17f1bd35d62a45d2c7f01abc226a9205.jpg,Moths,Moths,0.8512503504753113,1,164.87009999991642
moth-90-_jpg.rf.36be956b91a74b6eb851255ad98ef4b5.jpg,Moths,Moths,0.7513629198074341,1,156.11679999983608
moth-95-_jpg.rf.6309fff597768b1dc5f8384e0177093e.jpg,Moths,Moths,0.8129286170005798,1,163.8926000000538
slug-105-_jpg.rf.1dc9fdb01ae99d37b4ca814c8913099d.jpg,Slugs,Slugs,0.515945553779602,1,164.8706000000857
slug-119-_jpg.rf.79ebd71e6f15e283a69d43051ec30b48.jpg,Slugs,Slugs,0.6215068101882935,1,154.01640000027328
slug-136-_jpg.rf.c373f19e1f87c3ee03c7f585e5621d2e.jpg,Slugs,Slugs,0.7435253262519836,1,156.36570000015126
slug-137-_jpg.rf.2f9d8b79bc69650b81fd66082697096a.jpg,Slugs,Slugs,0.7322184443473816,1,175.9276000002501
slug-148-_jpg.rf.d714813269fb7a64ecf68a817b005e2e.jpg,Slugs,Slugs,0.7063915729522705,1,140.21560000037425
slug-151-_jpg.rf.a29dc9808d558e75c95e76f49d249054.jpg,Slugs,Slugs,0.6010192036628723,1,168.98779999974067
slug-172-_jpg.rf.b7721483c007c7630a1b2eea115099de.jpg,Slugs,Slugs,0.6523547768592834,1,160.54729999996198
slug-181-_jpg.rf.6a88ff3f7572e1d8c5d112da21a7a529.jpg,Slugs,Slugs,0.5922158360481262,1,167.0043999997688
slug-182-_jpg.rf.3fc97a3436f44d2e7bc28e4fc984b456.jpg,Slugs,Slugs,0.4022943377494812,1,159.53360000003158
slug-186-_jpg.rf.106ed25799107637e4cc960ebe836307.jpg,Slugs,Slugs,0.6255933046340942,1,148.01700000043638
slug-188-_jpg.rf.be03e6fbd0b55f619d3f46c717e5ddae.jpg,Slugs,Caterpillars,0.38853511214256287,2,148.46439999973882
slug-189-_jpg.rf.5b9ad2baf69fc340092ff452df010748.jpg,Slugs,Slugs,0.5298011898994446,1,165.35750000002736
slug-191-_jpg.rf.5920736e380e82ce8b52e92ce87d2920.jpg,Slugs,Beetles,0.46127840876579285,1,155.99969999993846
slug-206-_jpg.rf.feabb40ab1bcedba27b50db32834a88c.jpg,Slugs,Snails,0.7693429589271545,1,157.92129999999815
slug-208-_jpg.rf.a86c81dc6db7df67328ed32b9a6803be.jpg,Slugs,Slugs,0.7033402323722839,1,161.7178999999851
slug-216-_jpg.rf.a060b22779598597da9b4df12846fc42.jpg,Slugs,Earwigs,0.48713937401771545,1,158.42150000025867
slug-228-_jpg.rf.a080472fc2ff197ba90503c046ab4345.jpg,Slugs,(sin detección),0.0,0,173.68649999980335
slug-237-_jpg.rf.cedf3731f7dc4b5e31c5c543953aab4c.jpg,Slugs,Slugs,0.7115498185157776,1,209.87990000003265
slug-252-_jpg.rf.d9c1c3c5470897ec172aa83e75dadb70.jpg,Slugs,(sin detección),0.0,0,187.01359999977285
slug-257-_jpg.rf.b8e5425afe95b4e2849f084bcb2ec40f.jpg,Slugs,Slugs,0.4930015206336975,1,171.12129999986792
slug-272-_jpg.rf.07411743430d6390f7e30ff6a6879d8a.jpg,Slugs,(sin detección),0.0,0,154.07990000039717
slug-284-_jpg.rf.946ebbaff9e38d5770404fb2a19886a2.jpg,Slugs,Slugs,0.5165435075759888,1,166.37760000003254
slug-287-_jpg.rf.08aa56d6c19f238ff12281cbd0561d9f.jpg,Slugs,Slugs,0.7169597148895264,2,160.39449999971112
slug-325-_jpg.rf.9f9426a89fb40b295821cb05cf271b3b.jpg,Slugs,Slugs,0.674793541431427,1,155.5676000002677
slug-33-_jpg.rf.945e4e6ecdf440b86771b7dac007c177.jpg,Slugs,Slugs,0.4545353055000305,1,161.9700000001103
slug-330-_jpg.rf.923ac81e0e5d33020124d8916ab99786.jpg,Slugs,Slugs,0.6508452296257019,2,168.00730000022668
slug-334-_jpg.rf.968adccc370305cc8625837de6587dcb.jpg,Slugs,Earthworms,0.8849000334739685,1,143.9434999997502
slug-339-_jpg.rf.d829aeb86ab50d46aeace0bd3e37886e.jpg,Slugs,(sin detección),0.0,0,156.9408000000294
slug-349-_jpg.rf.1ed0f41d0b226c95ecf46effb4b5a84f.jpg,Slugs,Slugs,0.4962632656097412,1,159.94039999986853
slug-353-_jpg.rf.86f0be91969562dab2f7953789782f3c.jpg,Slugs,Slugs,0.5638085603713989,1,163.89070000013817
slug-354-_jpg.rf.727108f2eeec7abc7b2b26952c5c8722.jpg,Slugs,Slugs,0.7408416867256165,1,152.31139999968946
slug-366-_jpg.rf.61c2d78a7338d6d672eca9ae53b6fea5.jpg,Slugs,Slugs,0.5699363350868225,1,151.66229999977077
slug-371-_jpg.rf.ae1011b786ddb42d9da2b72ef7814d5c.jpg,Slugs,Slugs,0.6841976046562195,1,159.61689999994633
slug-373-_jpg.rf.1ee7c5bbd308f4ec146a3d3035bd8b73.jpg,Slugs,(sin detección),0.0,0,174.94520000036573
slug-377-_jpg.rf.d21c8a570611cac1eb0b4dec7510074b.jpg,Slugs,Slugs,0.6949232220649719,1,164.69149999966248
slug-385-_jpg.rf.0541d89d204ded29ce56e4745d1dc59f.jpg,Slugs,Slugs,0.8286892771720886,1,161.58330000007481
slug-4-_jpg.rf.565c65b841f189e04b48c662861b081f.jpg,Slugs,Slugs,0.3962199091911316,1,159.97990000005302
slug-42-_jpg.rf.025382a99565301ca253a97c5ad15cc8.jpg,Slugs,Slugs,0.7077317237854004,1,164.26330000012968
slug-43-_jpg.rf.05d54ced8e318d4161110e24732a0f34.jpg,Slugs,Caterpillars,0.393194317817688,1,161.0196999999971
slug-47-_jpg.rf.0c7bd1f22160ecf9c7fd9ebe01faef4d.jpg,Slugs,Moths,0.6095566153526306,1,149.02499999971042
slug-50-_jpg.rf.37161504c209db4eeb218fb93b6cb5e7.jpg,Slugs,(sin detección),0.0,0,208.7890999996489
slug-60-_jpg.rf.2aaaae52967cf6bd04b0ec26230f7fb3.jpg,Slugs,Slugs,0.8693861365318298,1,170.7114000000729
slug-69-_jpg.rf.ec2919b7b9c32a9ca3ff7ea372c4a612.jpg,Slugs,Slugs,0.4485896825790405,1,167.1931000000768
slug-78-_jpg.rf.4bf407c23c2f77eadb52c6238d4ced57.jpg,Slugs,Beetles,0.40766578912734985,1,217.4816000001556
slug-93-_jpg.rf.57196a9227831aadb00bba97e6c8e59e.jpg,Slugs,Slugs,0.6512871384620667,1,196.8894999999975
slug-94-_jpg.rf.45283f7f2eae12a6c47628ea6863f23e.jpg,Slugs,Slugs,0.46922025084495544,2,251.68100000018967
snail-106-_jpg.rf.39d9cf29530531f9ed8bdd5fd0ecbe87.jpg,Snails,Snails,0.8668634295463562,1,215.70580000025075
snail-112-_jpg.rf.4c3ac9b09599c3d00d0801a42e3b143f.jpg,Snails,Snails,0.856389045715332,1,215.095200000178
snail-116-_jpg.rf.6e21acbb8d5a2b1cd71f5acb79497b03.jpg,Snails,Snails,0.8469725251197815,1,243.09309999989637
snail-135-_jpg.rf.739dde3fb03a79e745235ee9d801aa79.jpg,Snails,Snails,0.8440375924110413,1,286.94309999991674
snail-150-_jpg.rf.93b5c98a63389b19a6525b35a1039244.jpg,Snails,Snails,0.7817577719688416,1,210.5957999997372
snail-187-_jpg.rf.7b98e35a78429064c4b284b5e0dfa752.jpg,Snails,Snails,0.5958186388015747,1,164.59599999961938
snail-188-_jpg.rf.86582b0adcff970c9847a711380fcfb8.jpg,Snails,Snails,0.8642517328262329,1,179.4887999999446
snail-19-_jpg.rf.245b410334df4d6546c2f49b9d564e2b.jpg,Snails,Snails,0.7791129350662231,1,163.86189999957423
snail-195-_jpg.rf.4ec309080d1be6f365c1df840c2dd078.jpg,Snails,Snails,0.5547180771827698,3,157.10289999969973
snail-200-_jpg.rf.4895e9749d58f00f6277f51ab867f9d3.jpg,Snails,Snails,0.7538735866546631,1,170.63999999982116
snail-201-_jpg.rf.8164b139d76f513c25edd09f73fc22f0.jpg,Snails,Snails,0.6280707716941833,1,179.5059000000947
snail-208-_jpg.rf.0645ff35559b7c28d29509a67d17b397.jpg,Snails,Snails,0.8415196537971497,1,163.52199999982986
snail-21-_jpg.rf.16131718b0d135e4e508d43492391f6c.jpg,Snails,Snails,0.801843523979187,1,162.9024999997455
snail-269-_jpg.rf.82e0bfbb6aa47090d3ab8b1d87f9fd27.jpg,Snails,Snails,0.6985989212989807,1,151.67470000005778
snail-272-_jpg.rf.4cf3a47bfb2d199ec84bf08eaf361b66.jpg,Snails,Snails,0.5755046606063843,2,157.32679999973698
snail-282-_jpg.rf.849a4b9672325c7f524cc8ea3b6e2ea6.jpg,Snails,Snails,0.8353824615478516,1,144.15450000024066
snail-29-_jpg.rf.4a67c501a5d49dbc04078a6fab570eb1.jpg,Snails,Snails,0.8447855114936829,1,169.76100000010774
snail-292-_jpg.rf.f58bc2074c3197276513f230c50b1624.jpg,Snails,Snails,0.8352392315864563,1,165.01990000006117
snail-314-_jpg.rf.869e461da58a2d53d02794dfd80c36ac.jpg,Snails,Snails,0.7438206672668457,1,160.429899999599
snail-319-_jpg.rf.f1111159cf01ed3a5c06f183f3294b99.jpg,Snails,Snails,0.6343525052070618,1,158.5309000001871
snail-372-_jpg.rf.d49979467c0d35aa76da55a8ad1121cb.jpg,Snails,Snails,0.805433452129364,1,158.59980000004725
snail-384-_jpg.rf.b761388f12440bdf09e31c5e4f4d4c1a.jpg,Snails,Snails,0.8909360766410828,3,171.07260000011593
snail-401-_jpg.rf.9be63b8721641b22d528f4b77993d996.jpg,Snails,Beetles,0.4509035646915436,2,157.6006000000234
snail-406-_jpg.rf.4d329d94639fdb7f4be3d3fe113f1f5b.jpg,Snails,Snails,0.8103981614112854,1,161.76120000000083
snail-414-_jpg.rf.1c48b916faeacf7121822498da072fa8.jpg,Snails,Snails,0.6288501620292664,2,154.31570000009742
snail-417-_jpg.rf.e62a3607d36ddfb9e400d691a12ce3f2.jpg,Snails,Snails,0.8412783145904541,1,146.33820000017295
snail-418-_jpg.rf.43db7be92f088636411a65e8590b89dd.jpg,Snails,Snails,0.8579374551773071,1,146.66219999980967
snail-443-_jpg.rf.7a12d5698e392928189d46fe35d6aab9.jpg,Snails,Snails,0.8485817313194275,1,167.91139999986626
snail-444-_jpg.rf.3258914f247fc916a86cda8ebe094751.jpg,Snails,Snails,0.7256287336349487,1,177.5812999999289
snail-450-_jpg.rf.ee4ea69bc2e4441d0627dedf49b6852d.jpg,Snails,Snails,0.8130440711975098,1,159.35589999980948
snail-452-_jpg.rf.e1d57b21c330fdec5cdf51cc11d4a603.jpg,Snails,Snails,0.765918493270874,2,169.6959999999308
snail-460-_jpg.rf.b6534d05a2543ab5cdffee1a1cf44d98.jpg,Snails,Snails,0.8486449718475342,1,164.86390000000029
snail-466-_jpg.rf.ec5b25d55fecf28118c04316ac53e03c.jpg,Snails,Snails,0.8351975679397583,1,155.0000000002001
snail-471-_jpg.rf.5e5d347b751ba04bd35b1b771fd7e103.jpg,Snails,Snails,0.8371665477752686,1,183.87639999991734
snail-48-_jpg.rf.5c007f671d81127453c0d243e4b47f50.jpg,Snails,Snails,0.7811862826347351,1,160.3731999998672
snail-481-_jpg.rf.d5dce41a2724c86cf4f1f827d6e7f42a.jpg,Snails,Snails,0.5987688302993774,1,165.8319000002848
snail-486-_jpg.rf.fd131e01f60e6f0fff2ae7d9edaa503c.jpg,Snails,Snails,0.4979502856731415,1,158.07959999983723
snail-487-_jpg.rf.4a61a337845505d07fb91c0b2c24ad53.jpg,Snails,Snails,0.7224895358085632,1,161.2952000000405
snail-54-_jpg.rf.57d591358518c85b8df8f72b75865cb6.jpg,Snails,Snails,0.6822975873947144,1,160.14420000010432
snail-6-_jpg.rf.ff6710bc8a388d6f00192e4173caecfb.jpg,Snails,Snails,0.8968755602836609,1,159.6562999998241
snail-68-_jpg.rf.df3a1b5cecd08a789c946eac93ba119c.jpg,Snails,Snails,0.8512550592422485,1,158.61779999977443
snail-70-_jpg.rf.631d170e9228d69f3b989df1b5fabdce.jpg,Snails,Snails,0.7964683771133423,1,161.15850000005594
snail-78-_jpg.rf.b65f02a4481a2c2022f635facd29a258.jpg,Snails,Snails,0.4570028483867645,2,172.42469999973764
snail-94-_jpg.rf.1fef773c3097cb262a0281452a9f4fd5.jpg,Snails,Snails,0.6964126825332642,2,163.6287999999695
wasp-509-_jpg.rf.6e8c4256015ed7307f724ece971b16f4.jpg,Wasps,Wasps,0.8515614867210388,1,168.53600000013103
wasp-518-_jpg.rf.631c9b0e96b901ebe67df76901bc9651.jpg,Wasps,Wasps,0.6636123657226562,1,160.08689999989656
wasp-527-_jpg.rf.134dca51383fe6db5fd7ff7e04db33ca.jpg,Wasps,Wasps,0.5151313543319702,1,140.50970000016605
wasp-565-_jpg.rf.b57ac92a0cb7b96a087c6d5479ea5936.jpg,Wasps,Wasps,0.7902653813362122,1,148.52019999989352
wasp-571-_jpg.rf.f1c092b4e52127c18736cd1119ad5cd9.jpg,Wasps,Wasps,0.5523950457572937,2,154.44939999997587
wasp-578-_jpg.rf.7fa3e459726d319554ab134d967666be.jpg,Wasps,Wasps,0.8003969788551331,1,160.47549999984767
wasp-598-_jpg.rf.6fa148a3afee46acccad1b48e3c455a8.jpg,Wasps,Wasps,0.8507629036903381,1,155.53859999999986
wasp-599-_jpg.rf.0db4287c935803e898e3b1361018d84d.jpg,Wasps,Wasps,0.7494373917579651,1,153.55480000016541
wasp-611-_jpg.rf.2e81717ef064ae229d6b547a9b8033cd.jpg,Wasps,Wasps,0.7989160418510437,1,161.8772000001627
wasp-653-_jpg.rf.3ee06e49b5bddab42f86331efd950381.jpg,Wasps,Wasps,0.7936557531356812,1,166.05440000012095
wasp-661-_jpg.rf.b2026b5bfa956739ad15378d225c29a7.jpg,Wasps,Wasps,0.7345816493034363,1,159.17450000006284
wasp-663-_jpg.rf.01d062b8ab73f19332f48084c63cb589.jpg,Wasps,Wasps,0.7666019797325134,1,149.66920000006212
wasp-672-_jpg.rf.ab2b4a51d63325d56b93042cc8dcc39d.jpg,Wasps,Wasps,0.59183269739151,1,151.59159999984695
wasp-680-_jpg.rf.a48a34b59717911d2b916dce80da125d.jpg,Wasps,Wasps,0.35559314489364624,1,148.76570000024003
wasp-707-_jpg.rf.b4db7d000dce68152d84f83637bd1695.jpg,Wasps,Wasps,0.8200471997261047,1,159.24850000010338
wasp-710-_jpg.rf.f7de287c9c13168c025419e7e10c5f4a.jpg,Wasps,Wasps,0.8034234642982483,1,164.42000000006374
wasp-725-_jpg.rf.60125688bc056c0e204690009fea5291.jpg,Wasps,Wasps,0.7068380117416382,1,162.06299999976181
wasp-738-_jpg.rf.3edb47d2747db1f790656541d9606684.jpg,Wasps,Wasps,0.9384010434150696,1,151.8372000000454
wasp-746-_jpg.rf.6ac9a0d921d87fbde04cfcd7e605216a.jpg,Wasps,Wasps,0.6593953967094421,1,183.21500000001834
wasp-762-_jpg.rf.6619dffbdfed53d2f268e9150ff51b4b.jpg,Wasps,Wasps,0.6854325532913208,1,225.4059000001689
wasp-766-_jpg.rf.95edab91cb921898c1f6b89f206fc601.jpg,Wasps,Wasps,0.6308484673500061,1,231.82790000009845
wasp-770-_jpg.rf.7e022a1edd64920c9e7cdbd6c839eaae.jpg,Wasps,Wasps,0.6906729936599731,1,247.53210000017134
wasp-784-_jpg.rf.367d307ca66f2b02837557ed0df87cb7.jpg,Wasps,Wasps,0.6369466781616211,1,171.164900000349
wasp-808-_jpg.rf.d9f9909a65b6080853b97e39b558eebe.jpg,Wasps,Beetles,0.38532671332359314,2,146.2882000000718
wasp-813-_jpg.rf.acec24e93d6ded0715aea9c75fe69dd8.jpg,Wasps,Wasps,0.7189861536026001,1,153.77249999983178
wasp-818-_jpg.rf.de7a07c5b71c311a8535a7c418d089e8.jpg,Wasps,Wasps,0.5574905276298523,1,160.11749999961467
wasp-828-_jpg.rf.0a95818105c4e18a88804cb6f44524c4.jpg,Wasps,Wasps,0.41978251934051514,1,170.9152000003087
wasp-831-_jpg.rf.7a2e65420cc5f044b92f3dbc30162f89.jpg,Wasps,Wasps,0.918318510055542,1,144.4032999997944
wasp-833-_jpg.rf.b4146bf4476a13f8b1e29b32788ea2e1.jpg,Wasps,Wasps,0.7216283082962036,1,157.13219999997818
wasp-839-_jpg.rf.c02a231180278f65921c0b692ba9d13d.jpg,Wasps,Wasps,0.7732011675834656,1,162.07660000009128
wasp-849-_jpg.rf.9ca030e3ea2ef0af96b31b616249932a.jpg,Wasps,Wasps,0.9372006058692932,1,156.56899999976304
wasp-852-_jpg.rf.12c80387671979e9461013906f228278.jpg,Wasps,Wasps,0.6132867932319641,1,155.55989999984376
wasp-855-_jpg.rf.2842cf2834bd87e0dc59e0cbec90306b.jpg,Wasps,Wasps,0.6833257675170898,1,153.88300000040545
wasp-856-_jpg.rf.5d6962330af6e3a13f6a99b309b820fb.jpg,Wasps,Wasps,0.7429372072219849,1,164.8153999999522
wasp-860-_jpg.rf.77a8f8c31937348d882fa337af98fd6c.jpg,Wasps,Wasps,0.9604251980781555,1,146.85289999988527
wasp-862-_jpg.rf.6000e6b7bbe3b52f2ff9eb1ffa062015.jpg,Wasps,Wasps,0.7524169683456421,1,146.95220000021436
wasp-871-_jpg.rf.aff248422571126f7188928c4cacfc6f.jpg,Wasps,Wasps,0.6995863914489746,1,320.9073000002718
wasp-886-_jpg.rf.6be226658ddc356693ec0f7867139a43.jpg,Wasps,Wasps,0.7372143268585205,1,166.9248999996853
wasp-897-_jpg.rf.18265b1936d1b4680a86467c6e3caee7.jpg,Wasps,Wasps,0.5807703733444214,1,152.91449999995166
wasp-901-_jpg.rf.28acb8f9f28432c7c23b939ce05c3c33.jpg,Wasps,Wasps,0.7625445127487183,1,159.71950000039215
wasp-906-_jpg.rf.7402812f4601ec85bd4bd4d83ea728a1.jpg,Wasps,Wasps,0.39024296402931213,1,152.08679999977903
wasp-937-_jpg.rf.705061d71b38788de937468ef2e46364.jpg,Wasps,Wasps,0.7402262687683105,1,161.12789999988308
wasp-948-_jpg.rf.db94d968c10c0351b58161b826cdfbb0.jpg,Wasps,Wasps,0.707015872001648,1,155.78939999977592
wasp-949-_jpg.rf.2f952f0b7a476d97c3a7e161ad9ea710.jpg,Wasps,Wasps,0.7327479124069214,1,148.30320000010033
wasp-960-_jpg.rf.0367f6598aae3d6e88c857d56c1ce9ff.jpg,Wasps,(sin detección),0.0,0,149.88110000012966
wasp-984-_jpg.rf.4cf2530510a50890756f956de5603313.jpg,Wasps,Wasps,0.5495315790176392,1,155.97909999996773
Weevil-100-_jpg.rf.830b8949c165c9eb35fcd0e2c6e9f9c5.jpg,Weevils,(sin detección),0.0,0,160.13609999981782
Weevil-105-_jpg.rf.20edce3cd29328ca9b85276c74a19544.jpg,Weevils,Weevils,0.7265786528587341,1,155.35230000023148
Weevil-112-_jpg.rf.c80d31c33349fc0c6ab7902c051e9e2e.jpg,Weevils,Weevils,0.7659391164779663,1,146.39020000004166
Weevil-118-_jpg.rf.7aa454ca9653a7435849b6a6b4bd468c.jpg,Weevils,Weevils,0.42966267466545105,1,133.24269999975513
Weevil-13-_jpg.rf.6a0193d603a8a580f6513bc99ae0f456.jpg,Weevils,Weevils,0.6856141090393066,1,171.0510000002614
Weevil-138-_jpg.rf.c20651f33431db68042f6bc4dc0d7df3.jpg,Weevils,Weevils,0.6662579774856567,1,160.3491999999278
Weevil-155-_jpg.rf.4242ca36e3444f70f2ab7acfbc3f2d5e.jpg,Weevils,Weevils,0.7414432764053345,1,155.31609999970897
Weevil-157-_jpg.rf.94b9c9f5ce5904b98c9f359307cab6c9.jpg,Weevils,Weevils,0.6974231004714966,1,163.0974999998216
Weevil-169-_jpg.rf.e11e68029ec4f59252c5f6c00f4bd7c7.jpg,Weevils,Weevils,0.8260303139686584,1,148.87309999994613
Weevil-184-_jpg.rf.4eaca1d580d570202b14aec973c43f70.jpg,Weevils,Weevils,0.7197928428649902,1,152.86409999998796
Weevil-204-_jpg.rf.49c44532f0cb2a1c85aa35be9c8162c7.jpg,Weevils,Weevils,0.7640852928161621,1,161.11300000011397
Weevil-21-_jpg.rf.b6bd982307a64fa29b66d0065632814e.jpg,Weevils,Weevils,0.5862053036689758,1,171.1673999998311
Weevil-210-_jpg.rf.cd8e45ae3c3a580ccf2461f2e4aab02e.jpg,Weevils,Weevils,0.7042412161827087,1,168.13219999994544
Weevil-213-_jpg.rf.efff0bc550ec671c9b4f88b6bb49be42.jpg,Weevils,Weevils,0.659570038318634,1,167.502599999807
Weevil-222-_jpg.rf.a4a43a4e750808da05367f86f1506e56.jpg,Weevils,Weevils,0.7227395176887512,1,169.96460000018487
Weevil-226-_jpg.rf.fa935ec670b53b8b0d094c890ccc05ba.jpg,Weevils,Weevils,0.7024843096733093,1,155.52560000014637
Weevil-23-_jpg.rf.56a0b2711f53e4a6e2000b3f8ab104ba.jpg,Weevils,Weevils,0.7812974452972412,1,158.87949999978446
Weevil-237-_jpg.rf.9dfe41f1c17cfbbbb48c432ddd1c91b7.jpg,Weevils,Weevils,0.7517274022102356,1,174.31130000022677
Weevil-241-_jpg.rf.2e8fcdf0e1ba5f10327304bec3029b6f.jpg,Weevils,Weevils,0.7435348629951477,1,147.47330000000147
Weevil-245-_jpg.rf.b5e2079864ba21017f28bcab1d30ead4.jpg,Weevils,Weevils,0.7428762912750244,1,137.89660000020376
Weevil-259-_jpg.rf.a80a3c6a269ca3bdd50ddb099a8717ac.jpg,Weevils,Weevils,0.6174289584159851,1,149.2406999996092
Weevil-26-_jpg.rf.e78437a64e4116a0a0ac7dba8910dd9b.jpg,Weevils,Weevils,0.7453302145004272,1,185.02680000028704
Weevil-28-_jpg.rf.8dce49a3abfddf6d6f349243573c5409.jpg,Weevils,Weevils,0.7103095650672913,1,156.67630000007193
Weevil-280-_jpg.rf.08aef05c65777a94d2d9fb90a47de54b.jpg,Weevils,Weevils,0.9390844106674194,1,164.08400000000256
Weevil-285-_jpg.rf.6192025208b7be24ddcfc80d557afcb0.jpg,Weevils,Weevils,0.753783106803894,1,162.44989999995596
Weevil-287-_jpg.rf.c566e16196d395a3607244c30960e032.jpg,Weevils,Weevils,0.7569460868835449,1,155.66949999993085
Weevil-297-_jpg.rf.220d954dee5c960bee83e7a633ec8b30.jpg,Weevils,Weevils,0.7618136405944824,1,144.90329999989626
Weevil-31-_jpg.rf.9b3bf7f25e8c3c8b3144c90bd4a367f6.jpg,Weevils,Weevils,0.7320919036865234,1,205.1738000000114
Weevil-315-_jpg.rf.e85edd4decb2bdac9348f72681379fbc.jpg,Weevils,Weevils,0.6879651546478271,1,188.85299999965355
Weevil-321-_jpg.rf.36f6bffffef2279d873dda2692ecef11.jpg,Weevils,Weevils,0.7807888388633728,1,205.05039999989094
Weevil-322-_jpg.rf.5ab7afeb44b371b982573e09f2ebfddb.jpg,Weevils,Weevils,0.788195788860321,1,209.70860000034008
Weevil-346-_jpg.rf.aef4cef823930afd5701c690fb49d294.jpg,Weevils,Weevils,0.7572532892227173,1,192.7045000002181
Weevil-347-_jpg.rf.32a7a80d39188b9e002b5fbb811c2961.jpg,Weevils,Weevils,0.7736485004425049,1,151.95189999985814
Weevil-351-_jpg.rf.db3b9f6ab8b14f09cb6b81dd8c36e7be.jpg,Weevils,Weevils,0.7082310318946838,1,144.80540000022302
Weevil-381-_jpg.rf.3b4e62716fcb9965fb15d88af2e046a7.jpg,Weevils,Weevils,0.7897866368293762,1,165.4470999997102
Weevil-399-_jpg.rf.19c01836bbf6aa2568354d6eb9e00290.jpg,Weevils,Weevils,0.8097609281539917,1,163.8860999996723
Weevil-403-_jpg.rf.9b6ab4835be09e94f2dfae3c7b6f37d2.jpg,Weevils,Weevils,0.7535504698753357,1,160.97239999999147
Weevil-41-_jpg.rf.4c8f28a5f56be71e6ebe333e6ad7dde2.jpg,Weevils,Weevils,0.5171122550964355,2,155.54019999990487
Weevil-418-_jpg.rf.8341fc9e7ce407d295b190a4445925c4.jpg,Weevils,Beetles,0.37092551589012146,1,159.26579999995738
Weevil-420-_jpg.rf.5f2f366008ec4352e0e052600d577382.jpg,Weevils,Weevils,0.7667527794837952,1,149.2091000000073
Weevil-423-_jpg.rf.debf7b32247998c38f9a11a06810622f.jpg,Weevils,Beetles,0.5861361026763916,2,147.44269999982862
Weevil-427-_jpg.rf.fff2535785bafdaeec9c74f4cb1c510e.jpg,Weevils,Weevils,0.47977128624916077,2,175.92980000017633
Weevil-428-_jpg.rf.f5e8c876b7ecee404b36af5a406190bb.jpg,Weevils,Weevils,0.845124363899231,1,176.75370000006296
Weevil-434-_jpg.rf.6db02a633b733a400b4d2bd22876a167.jpg,Weevils,Beetles,0.8240216374397278,1,156.07419999969352
Weevil-44-_jpg.rf.a004be02b523187d63847aa77813f6ef.jpg,Weevils,Weevils,0.964588463306427,1,164.26400000000285
Weevil-441-_jpg.rf.0b87a0b056b245382e826cecbfea72c3.jpg,Weevils,Beetles,0.6031869649887085,1,194.11260000015318
Weevil-447-_jpg.rf.d07070d65abb05fb6a58066d20375815.jpg,Weevils,Weevils,0.6922196745872498,1,221.39719999995577
Weevil-452-_jpg.rf.e4be68b91dbd6fff8730557c1718a9f5.jpg,Weevils,Weevils,0.7343924641609192,1,193.24719999985973
Weevil-455-_jpg.rf.32f708bb9565672e5b3d6d456e09face.jpg,Weevils,Weevils,0.6053970456123352,2,184.0860000002067
Weevil-46-_jpg.rf.77c1b2415b8ab755670423625af8128a.jpg,Weevils,Weevils,0.7749462127685547,1,154.24820000043837
Weevil-469-_jpg.rf.4313ba8b6e1498d9f1e2cc1bd08a4825.jpg,Weevils,Beetles,0.5324898958206177,1,160.86330000007365
Weevil-470-_jpg.rf.64a4303be937d8a34e6c406b70bfa9a5.jpg,Weevils,Beetles,0.3064785599708557,1,202.41329999998925
Weevil-48-_jpg.rf.f7261a36168f621faece124dcbf4bdb7.jpg,Weevils,Weevils,0.7408182621002197,1,151.1977999998635
Weevil-483-_jpg.rf.28cc48f8494eff0c74fc4d15ab958bbe.jpg,Weevils,Beetles,0.6740099191665649,1,177.65749999989566
Weevil-57-_jpg.rf.db6c605d2c4d9a7cf01131a9ff8d3ab5.jpg,Weevils,Weevils,0.86996990442276,1,175.20999999987907
Weevil-6-_jpg.rf.e23b6e06f43d93898be96895c5dbabff.jpg,Weevils,Weevils,0.6992060542106628,1,163.86450000027253
Weevil-64-_jpg.rf.e49a616c6bf18ffb06e2445441318988.jpg,Weevils,Weevils,0.34820228815078735,1,148.62640000001193
Weevil-84-_jpg.rf.0f80fd19798a5a23604d9cb5068c8f7c.jpg,Weevils,Weevils,0.49646756052970886,1,169.21719999982088
